seed,draw,R2Y,Q2,r_pcorr,top_overlap
0,matched,0.6727653631092658,0.3864265358262605,0.9551159128185462,6
0,random,0.6597076250234266,0.4074368900915023,0.9542476886796303,8
1,matched,0.6930499279151234,0.38427865136565553,0.9663571306171411,8
1,random,0.6795029877888009,0.4154905753001199,0.9431704869072781,6
2,matched,0.7019180582152462,0.33959685544829143,0.9370300859248138,6
2,random,0.6465061043793496,0.3160137010490417,0.9586198173791708,5
3,matched,0.6762154971797362,0.4314310344100283,0.9703261552521849,10
3,random,0.6611135678910374,0.33900215413061596,0.9671927147508345,7
4,matched,0.7001688668693279,0.3533048147719756,0.9636480101836817,7
4,random,0.6756845233753846,0.30802617818482514,0.9575639132102264,6
5,matched,0.6913605955215301,0.4209371917897702,0.9623570979771359,8
5,random,0.711592577297369,0.3222088084307131,0.9602624256419883,6
6,matched,0.6862319219495299,0.39140694703168755,0.9696301071408174,7
6,random,0.654014289412806,0.3996721046762841,0.9452488392398145,5
7,matched,0.6593441547431953,0.37761746271243446,0.976854156296665,8
7,random,0.6308103948918226,0.3123284692726459,0.9754930680788909,7
8,matched,0.6988365618283549,0.3900720499156911,0.9709822193571552,8
8,random,0.7118840177938615,0.35895189860845966,0.9576536732245878,6
9,matched,0.6687914636996496,0.33374122431854136,0.9689846510375443,6
9,random,0.6509543647012443,0.13407872407204613,0.9578225852516137,6
10,matched,0.7183009301386003,0.3477986904575344,0.9511754481880719,7
10,random,0.6843331180923329,0.40000188927848257,0.956774025083844,7
11,matched,0.7439078007403876,0.4355942224643915,0.9444434471109516,5
11,random,0.6583200038455884,0.2924108707173161,0.9498625039780006,5
12,matched,0.6739713764979138,0.3632756179803843,0.9596659295465488,7
12,random,0.7012408852670395,0.32102685640904993,0.953990648638504,7
13,matched,0.6962660689511475,0.44118014150696094,0.963744298199088,6
13,random,0.6528882503392093,0.4084678133975421,0.9737068437930952,6
14,matched,0.6564318235283946,0.3445688416075581,0.9663661066185774,7
14,random,0.6467823271542138,0.30658563214060286,0.9669927947188472,5
15,matched,0.6660523676335652,0.35448276362878217,0.9653836424613831,6
15,random,0.6352353466607998,0.372742758717719,0.9528792564606812,7
16,matched,0.6850925511885078,0.35725913588868574,0.9430415588866496,5
16,random,0.7146697742632572,0.30628887124080306,0.9381937021109925,7
17,matched,0.7385659772153265,0.43594820933046086,0.9418306146928985,8
17,random,0.652252992581007,0.3983027436090415,0.9559408889505424,7
18,matched,0.7214008471551074,0.33041351067385827,0.9411990305918451,7
18,random,0.6614541407172925,0.3986426004363065,0.9432480069196811,6
19,matched,0.670922233040059,0.3956669582007942,0.9448816391810624,6
19,random,0.6509977000290902,0.32264538003471865,0.9710466833674695,7
20,matched,0.7142605925090053,0.3541045816102907,0.9573036091685777,7
20,random,0.6600088474343292,0.34822238178178655,0.9637695942031353,8
21,matched,0.6821332979602925,0.3689573119028109,0.9653542664566829,8
21,random,0.6987322612044584,0.3985297880517037,0.9465536234485799,5
22,matched,0.6740355850360235,0.3935721038112202,0.9752596920415509,9
22,random,0.7252106979689681,0.3931957737289,0.9454601832736295,6
23,matched,0.7236838666984129,0.42803730391683126,0.9364686778349885,7
23,random,0.6668595715870402,0.3191219441259666,0.9635427461668394,7
24,matched,0.688668350930929,0.279420120740418,0.9624729699956753,8
24,random,0.6643860150924439,0.36627871884277985,0.9647275783564128,6
25,matched,0.6558136052397316,0.4287977350678618,0.9663669226187078,5
25,random,0.667456386398103,0.36717275112137737,0.9736489077838253,9
26,matched,0.6794433656416025,0.36938624153708555,0.9574970011995203,6
26,random,0.6652680060512972,0.48212107441985286,0.9730165076826414,7
27,matched,0.6663989276051093,0.3798764441449026,0.9685986829757895,6
27,random,0.6604338258308232,0.25785150988016503,0.9629715460754474,4
28,matched,0.7036435525201765,0.3921701604856852,0.9347461015593765,5
28,random,0.6946333597526201,0.4036916392606279,0.9623260899721745,7
29,matched,0.6545783451132698,0.31871825340409865,0.9660225705636114,7
29,random,0.6697092291102569,0.37909689001516933,0.9653199944511993,6
30,matched,0.6713476520119868,0.43435522590473086,0.97684681229549,5
30,random,0.6845386390655912,0.39824471929638217,0.9761931961909116,7
31,matched,0.6561132375731651,0.3776568058876011,0.9698177871708461,6
31,random,0.6610259510277252,0.2922728059973322,0.9668320426931268,7
32,matched,0.6574026890275975,0.36401679120844277,0.9583627773380445,5
32,random,0.6948820334742778,0.3628521126727998,0.9453720552595289,6
33,matched,0.6696248074242248,0.3656407586399998,0.9679344588695137,7
33,random,0.66293699263862,0.24536457355039365,0.979551036728166,8
34,matched,0.6766369047920053,0.42134261053387556,0.9632873381259743,7
34,random,0.6455431016306036,0.3867888351312313,0.9551306008208963,6
35,matched,0.6632869524070291,0.3642173708570918,0.9588026014084164,6
35,random,0.7049923743406405,0.40551731280186076,0.9448514471762315,6
36,matched,0.6692668422118035,0.4330352638862027,0.9691568270650924,7
36,random,0.680958108427409,0.37879876205156804,0.9264987882398062,5
37,matched,0.6711824467153111,0.3949602308862973,0.9617312258769962,5
37,random,0.6682762014573045,0.3688415094341283,0.9664534186325472,7
38,matched,0.6691578728793364,0.45498209993996364,0.959621049539368,6
38,random,0.716972639147616,0.400429301385559,0.9296159087385455,4
39,matched,0.6651311992725171,0.25672131294562694,0.9643106022896965,6
39,random,0.7282025678539369,0.36016806578485017,0.9497670319627253,7
40,matched,0.7173739669966055,0.47119874749533763,0.9397065663530508,5
40,random,0.6957093125443604,0.44854542424650545,0.9333254453320714,5
41,matched,0.6773394279249714,0.4208146560380386,0.9832858693257394,7
41,random,0.6811921889144162,0.10257367481015933,0.9741964438714312,9
42,matched,0.7062847384276607,0.3964324659474292,0.9482411117185781,7
42,random,0.6738609898996133,0.41223063032819174,0.9728043476486959,6
43,matched,0.7119632284731245,0.3884498743623619,0.952720136435222,6
43,random,0.6597043698574427,0.2952412398948424,0.9494275759084123,8
44,matched,0.6624784843997237,0.3745676716399948,0.9620976099356179,5
44,random,0.6463107124987986,0.33220022960407936,0.9687733070037292,8
45,matched,0.7053347283491485,0.38453753152884373,0.9613672898187666,9
45,random,0.6740281542696973,0.4163298226192005,0.9779255644680905,7
46,matched,0.6721478955202043,0.3417121901094138,0.9684877069580332,8
46,random,0.6530171118379939,0.43731027073682327,0.97470481195277,7
47,matched,0.6526661216036715,0.32512617220609885,0.9752735640437703,9
47,random,0.6654812322885053,0.34362983535148706,0.9794327167092348,7
48,matched,0.7120820256428222,0.42863303874024816,0.9490685358509658,5
48,random,0.6519843498576192,0.3082361521516849,0.9671266187402591,6
49,matched,0.6980666585003807,0.35863881823132515,0.9474234795877567,8
49,random,0.6876064395654388,0.39415206735809705,0.9409591265534605,7
50,matched,0.665848889615394,0.40465494674883307,0.9489085998253761,8
50,random,0.6673889833405473,0.4153963758411866,0.937961142073783,5
51,matched,0.7033261735798347,0.3992548531939072,0.9592554814808772,8
51,random,0.6502281371819076,0.331114857195403,0.9442035430725672,7
52,matched,0.6785134730287062,0.41686998540278897,0.9769675803148131,7
52,random,0.6830835926790907,0.19569976746671658,0.9639205542272888,9
53,matched,0.6508158278729019,0.3314822722022336,0.9678446988551519,7
53,random,0.6705936207165064,0.4004462707176121,0.9628483300557331,8
54,matched,0.7255936423049918,0.4245191297111377,0.9442329190772673,7
54,random,0.6481302309323824,0.3769947776183882,0.9715395474463279,7
55,matched,0.6712134332716357,0.3896381764785527,0.9704738512758163,9
55,random,0.6729316315293625,0.4380871584703562,0.9662641066022571,9
56,matched,0.6706675417098795,0.3566258055589002,0.9648418183746911,5
56,random,0.6493285543847753,0.2585271879904135,0.9584060253449643,6
57,matched,0.6801655390766048,0.4309400119697576,0.9607683457229353,5
57,random,0.6581185628739066,0.33952287430756467,0.9637875462060076,7
58,matched,0.7236452064255376,0.3969049430622449,0.9339888534382167,6
58,random,0.7202841941591078,0.4923507960354502,0.9482672237227561,6
59,matched,0.6724436875973281,0.4025037628827749,0.9633436421349828,6
59,random,0.7135128218577274,0.36011532085245634,0.951141992182719,6
60,matched,0.6752617833934452,0.4333881663343556,0.973555067768811,8
60,random,0.6669849965963972,0.33902561034764234,0.9753592440574792,8
61,matched,0.6883279986595525,0.4353286470748886,0.9732866037258567,7
61,random,0.7091098053637523,0.22908583291405604,0.9458469673355149,6
62,matched,0.6802622283020687,0.3368078260127325,0.9673036907685908,7
62,random,0.6675045601934695,0.06502117356237136,0.9663987466237997,8
63,matched,0.6596306321383435,0.40935134689093333,0.9631837061093932,8
63,random,0.6523561484339503,0.35276695666950275,0.9711943793911009,6
64,matched,0.6650863204909943,0.36729738020721414,0.9771593403454947,8
64,random,0.636896244176206,0.32919617918099287,0.9697027311524371,8
65,matched,0.6929234868932559,0.35698344822599326,0.9571094011375043,6
65,random,0.6832475915007372,0.3132217874765346,0.9747097079535534,8
66,matched,0.6705098850302695,0.2554352278746711,0.9688810190209631,5
66,random,0.6575778140343607,0.28834190423508643,0.967226986756318,6
67,matched,0.6858987360402374,0.3864035162746452,0.960433785669406,8
67,random,0.6940345747986565,0.4329439734183256,0.9677606508417045,8
68,matched,0.676591590080882,0.43252995940856886,0.9691331630613063,8
68,random,0.6950180993537944,0.3158035897226369,0.9418542786966847,6
69,matched,0.6702725062924635,0.2735040839618672,0.9726068756171002,8
69,random,0.6837485826567515,0.30551845450846027,0.960253449640552,6
70,matched,0.6732822979114224,0.3276508225206328,0.9687920750067321,5
70,random,0.7079134785792716,0.410290933713101,0.9352104056336651,6
71,matched,0.674300269398536,0.3693698750054799,0.9776742364278781,8
71,random,0.6552531056966034,0.1688664709951121,0.9609315457490475,6
72,matched,0.6993121510409579,0.39902610568922503,0.9579841532774647,5
72,random,0.6560701447059636,0.14726041368702458,0.9725146676023468,6
73,matched,0.6691869913041459,0.3811372406906953,0.9664640266342444,6
73,random,0.6590226888531906,0.41665278733015776,0.9553533688565393,6
74,matched,0.6663462184684341,0.4471349865378792,0.9707545553207291,6
74,random,0.6902117497328037,0.3582097180413144,0.9751046520167446,9
75,matched,0.6825764229821945,0.3900416536680832,0.9576691772270685,7
75,random,0.654539842796911,0.16647163758133077,0.9568939771030365,9
76,matched,0.66562964006189,0.34834130502638483,0.9663195946111354,8
76,random,0.7097239630445773,0.30393720166313964,0.8321038931366231,4
77,matched,0.6736819643608039,0.36635670157555145,0.9684730189556833,7
77,random,0.709181143720958,0.25018808808996806,0.9472366155578584,6
78,matched,0.6649988140454655,0.3846627211081187,0.9744428759108603,4
78,random,0.726226930591655,0.40501697875504206,0.9518584402973504,7
79,matched,0.7127836667675229,0.3843947618923793,0.9563089050094248,8
79,random,0.6488091111326718,0.3704506387771437,0.9594072575051613,6
80,matched,0.6706737868361246,0.43807004319461684,0.961461129833781,6
80,random,0.6993711752469557,0.42304680393460803,0.9448130951700955,5
81,matched,0.6750816651292386,0.41832107982403444,0.9687871790059488,7
81,random,0.6617942273908342,0.39495599995274533,0.9702763792442208,6
82,matched,0.6914598858681851,0.4175886806535546,0.9448326791732288,5
82,random,0.7019097718473462,0.33695185922984006,0.9210617793698849,6
83,matched,0.6884600207691899,0.4360401404910592,0.9634358501497362,8
83,random,0.645778106963538,0.23292213751486845,0.9745905719344917,7
84,matched,0.6762829145846496,0.3322500468157641,0.966438730630197,5
84,random,0.6675642977106329,0.37947427706402004,0.9729699956751996,8
85,matched,0.6926359336322099,0.42237418337252597,0.9433459269353485,4
85,random,0.6386736441353729,0.35888584236468446,0.9654954344792697,6
86,matched,0.6761683827995232,0.41771550803792357,0.9753918840627017,7
86,random,0.7167959870728203,0.3759465446132668,0.9469420395107264,6
87,matched,0.6570711558297286,0.31119763325012273,0.9723033235685318,8
87,random,0.6651046217087369,0.38589036206132743,0.9685064749610361,7
88,matched,0.7042277077241533,0.2923374295330001,0.9515467282474767,7
88,random,0.6553162667552807,0.3622009828386693,0.961421961827514,5
89,matched,0.6550831017872869,0.37214362867805995,0.9719785555165691,6
89,random,0.7059014382366415,0.3844108297925891,0.9059102889456463,5
90,matched,0.6817531464979163,0.37919332066710165,0.9647610343617657,6
90,random,0.6680786907384721,0.396832118738651,0.9823564451770315,8
91,matched,0.7050795734640134,0.32588414972855484,0.9518462002953921,5
91,random,0.6821278310321683,0.3287580633969921,0.9582493533198967,6
92,matched,0.6786196457444709,0.37453871752278134,0.9730458836873415,7
92,random,0.6595325448680172,0.4327241476386591,0.9599286815885893,7
93,matched,0.6873110002644492,0.383673759423259,0.9652220744355321,5
93,random,0.6910515052837025,0.2676746716468168,0.9452178312348533,5
94,matched,0.7139100548623124,0.3788398833175336,0.9498217039714728,5
94,random,0.6422974311072644,0.3789898572831606,0.9748810679809711,8
95,matched,0.6649568741121809,0.3847763544248701,0.9773021403683425,8
95,random,0.6598281885157249,0.39190151096355086,0.9697198671551789,7
96,matched,0.7288773158796225,0.4405247038357678,0.9535761205721793,7
96,random,0.6775237646288544,0.3366569038693288,0.9595149695223952,8
97,matched,0.7246381179819663,0.3986023490346,0.9534806485569038,6
97,random,0.6558926357488691,0.35471895527872277,0.9768427322948373,9
98,matched,0.6518304303733595,0.30746511816014477,0.9602877216460356,6
98,random,0.6564081844389869,0.3407734591255589,0.9645374503259923,7
99,matched,0.7231780565723047,0.42592458315343706,0.9488335278133645,9
99,random,0.66715291800105,0.3251779003687616,0.9623970819835332,7
100,matched,0.6674593053269842,0.4311491440011035,0.9630033700805393,6
100,random,0.6619172501178154,0.27501096640729517,0.9684868909579026,7
101,matched,0.6445698266316564,0.41038655085875697,0.9659246505479442,7
101,random,0.6615463234166419,0.36169105967792403,0.9825783972125437,6
102,matched,0.722254219271655,0.45730258489623465,0.9378452700552434,6
102,random,0.6621830644323856,0.39685877033172845,0.966845098695216,6
103,matched,0.6753963606571296,0.32622936770512145,0.9643473222955716,8
103,random,0.733303541750967,0.43867555255181356,0.9394674783147966,4
104,matched,0.7034092408089279,0.4346245443703234,0.9572554651608746,7
104,random,0.7073506156288503,0.4238542825869086,0.9845196615231459,6
105,matched,0.7322515500628938,0.4567111523848555,0.933053717288595,6
105,random,0.7035824564275581,0.364867334591888,0.9437726950036315,7
106,matched,0.67709248283951,0.30580984282311674,0.967301242768199,8
106,random,0.7039833112394359,0.3480654228836473,0.9525275604044098,7
107,matched,0.6942503814408169,0.38566577412155056,0.9550114648018344,6
107,random,0.7019702179962609,0.38685606567446773,0.9071016491362639,5
108,matched,0.6634098658587264,0.37825345642192243,0.9662812426049989,8
108,random,0.6750517551167079,0.4315297987792184,0.978659148585464,7
109,matched,0.6701856517795268,0.32514337067905863,0.9832956613273058,9
109,random,0.673160744732308,0.24360434987212476,0.9594162335065975,4
110,matched,0.6900375780070823,0.41461449146122864,0.9615508898481426,8
110,random,0.6603902437867247,0.44446871621388273,0.9712490513998485,7
111,matched,0.6801410860595023,0.4151318851508369,0.9695509551281529,6
111,random,0.6640626941400025,0.43718448511769903,0.9752719320435094,6
112,matched,0.6882671719199169,0.3274057349336319,0.9527821524451445,7
112,random,0.6741788295179785,0.3849070476876504,0.9804388448702154,5
113,matched,0.7056361495126218,0.34661557709330315,0.9200727872116461,5
113,random,0.6858848157840043,0.3707579206608519,0.9436804869888781,6
114,matched,0.6586616015370969,0.2914475795560231,0.9668532586965215,7
114,random,0.7091276297437454,0.32270718494957795,0.9334519253523083,7
115,matched,0.6820278168475616,0.4171611920270246,0.9499873519979763,6
115,random,0.6490788612655102,0.4084543221578061,0.9611624737859958,8
116,matched,0.6863668976463938,0.3662259227966096,0.9627585700413713,9
116,random,0.6946170348635534,0.2890648980419327,0.9580755452920873,7
117,matched,0.6898314246180451,0.4035432482943274,0.94637899942064,6
117,random,0.6592492713296509,0.4102445715955215,0.9631257701001233,5
118,matched,0.6819928134973728,0.4260174359114418,0.9762315481970477,8
118,random,0.7128768349646868,0.39899306688297786,0.9353474936555992,6
119,matched,0.6572237767020315,0.35091377583068484,0.9720144595223136,6
119,random,0.6544532001407023,0.28407800558870877,0.9716203314592532,8
120,matched,0.6768210611806642,0.3638419851017386,0.9639009702241553,8
120,random,0.6740237842594647,0.39644663370145083,0.9663089866094381,7
121,matched,0.6968952642941142,0.37366834887868794,0.9561212249793962,5
121,random,0.6714812807349211,0.3029213360870019,0.9603268896523025,6
122,matched,0.6920527215250267,0.37299531602277325,0.9725081396013026,8
122,random,0.6954724000312622,0.45114246177863426,0.9575769692123153,6
123,matched,0.6865931215231766,0.43131826674977847,0.9833576773372285,8
123,random,0.7216085965263765,0.4254145749245387,0.931282181005149,7
124,matched,0.7309702518880599,0.44744592935005023,0.949416967906715,6
124,random,0.6421662642536521,0.407520397242947,0.9642632742821242,6
125,matched,0.7006569802983278,0.43299178678452965,0.9743816759010683,8
125,random,0.6737244825162348,0.2169926690353976,0.9815983810557412,7
126,matched,0.6587352589847528,0.4633178902146261,0.9789006846241097,6
126,random,0.6461692614093802,0.3628275998956694,0.9696415311426451,8
127,matched,0.6598895420841109,0.4313269140321597,0.9761246521799445,9
127,random,0.6668046105193628,0.30569296227967446,0.9666223306595731,8
128,matched,0.7119904078952215,0.34947680629749034,0.9360769977723198,5
128,random,0.6526973877910499,0.30163696427294917,0.9619564419130309,7
129,matched,0.6769745961837393,0.3875428962949711,0.9480150796824128,7
129,random,0.6642891928550129,0.3737771434528535,0.9656015144962425,5
130,matched,0.6737018966109246,0.37184302120210755,0.9597189695550353,5
130,random,0.6965762954262147,0.33128238819693157,0.9500469200075075,6
131,matched,0.6850165825317933,0.4731222940500227,0.9747080759532923,6
131,random,0.6704922335243717,0.3768762267743979,0.9765399962463996,9
132,matched,0.6774369838058802,0.3008162715156507,0.9691511150641786,6
132,random,0.691738720758464,0.3383087448617438,0.9487249997960002,5
133,matched,0.6744121849591032,0.43399152054863677,0.9621979779516768,6
133,random,0.6567671218232738,0.19905731527688142,0.9756946201111395,8
134,matched,0.6983032344179455,0.4161089239739897,0.9316485650637706,5
134,random,0.657721244593354,0.3644332792574283,0.9737810998049762,7
135,matched,0.6735248078577425,0.38969762430077926,0.9440786950525913,7
135,random,0.6919793492517947,0.41013891563552063,0.9217610914817748,6
136,matched,0.6587497178157453,0.3898861934169473,0.9718463634954183,7
136,random,0.6405191744166179,0.29016671303537167,0.9502623440419752,7
137,matched,0.7156397149128771,0.38696045993492023,0.9487861998057923,6
137,random,0.7003013438941739,0.1595536941272877,0.9679418028706887,8
138,matched,0.728161358710445,0.3977847035873684,0.9399595263935244,6
138,random,0.669409771044831,0.22875035524017606,0.9535475605676099,7
139,matched,0.6824626999566399,0.34260743680538197,0.9689218190274912,9
139,random,0.6717844402815811,0.3171543927017828,0.9789325086292016,9
140,matched,0.6906172396742427,0.39328888277009055,0.9569535451125675,7
140,random,0.6807224382747636,0.4190717859098412,0.9792735966837756,8
141,matched,0.6948176120694409,0.34449170758334924,0.9622803939648633,7
141,random,0.6591777492128676,0.3946102233632365,0.9446311271409806,6
142,matched,0.6592121711890064,0.4118384912816957,0.9461905033904807,7
142,random,0.685009455016471,0.48775735012612575,0.9682208749153401,6
143,matched,0.6980833133993856,0.4111260970579782,0.9649487143917943,7
143,random,0.703137694015475,0.3596465621086894,0.9549584247933481,6
144,matched,0.6780442260593665,0.3788712324058511,0.9776040604166498,7
144,random,0.656757769829174,0.38567197107366924,0.9405013504802161,6
145,matched,0.6541658902715966,0.3094903624975264,0.9690401390464224,4
145,random,0.6611856147898781,0.2571461863860045,0.9653624264579884,8
146,matched,0.6689199236757337,0.3433413805372245,0.9509020881443343,6
146,random,0.6605701825626722,0.39362647988503907,0.9746950199512033,6
147,matched,0.7116971452903704,0.43708936150579447,0.9305412528866006,5
147,random,0.6803073873865433,0.21585324615174262,0.9664264906282386,8
148,matched,0.672719874207518,0.40872161552390907,0.9693926511028244,6
148,random,0.6678612179632804,0.376502329345895,0.9767766362842619,8
149,matched,0.672158964569502,0.4680774455768384,0.9701858032297286,6
149,random,0.6746038233031069,0.4132311684413543,0.9521056883369102,6
150,matched,0.7144319592218392,0.3735939947828728,0.9454830312772851,6
150,random,0.6681613879845925,0.4156027428720548,0.9604949856791978,6
151,matched,0.7132029715088285,0.4210045363172361,0.9655713224914116,8
151,random,0.7079527671867993,0.2944592846537114,0.9467143754743,6
152,matched,0.6662517542360284,0.35388558297149986,0.9655949864951981,7
152,random,0.6580840256837418,0.3159283487264216,0.9670760267321644,7
153,matched,0.6774017244632864,0.47435137429037577,0.9718471794955488,7
153,random,0.7298402415509315,0.3894460447912711,0.9522672563627612,6
154,matched,0.6657509314325805,0.3300799113538415,0.9629470660715306,6
154,random,0.6591939818443947,0.3431085999284582,0.9670939787350367,7
155,matched,0.6763598047891388,0.5102368292808857,0.9736154517784725,6
155,random,0.6755759829073142,0.3863158835077446,0.9624852099976338,8
156,matched,0.6930339308276461,0.2547168152270515,0.9677655468424876,8
156,random,0.6701426461031212,0.4131205151761582,0.9761989081918254,7
157,matched,0.6829936231057818,0.4398847570135306,0.9663767146202745,6
157,random,0.6495133053688279,0.3243279159790621,0.9772947963671674,7
158,matched,0.6837267176005035,0.4578292612385696,0.9577581212412994,6
158,random,0.671719657814084,0.3679103055088728,0.9655443944871034,7
159,matched,0.7011881679772971,0.401199686557667,0.9441635590661696,5
159,random,0.6455159022436061,0.3862231545014362,0.9641988102718098,7
160,matched,0.7225323471850197,0.4058317666303879,0.9483014957282395,5
160,random,0.6822015169438818,0.3622954955622366,0.9693387950942073,7
161,matched,0.6926247728669096,0.4401996072976021,0.974805179968829,9
161,random,0.6612798211375357,0.07590515243253071,0.9695990991358561,4
162,matched,0.694806745347567,0.4442997478640264,0.9787089245934281,7
162,random,0.6866406620006188,0.34699427153374485,0.9594880415180868,8
163,matched,0.6644420516096703,0.4086098935349002,0.9738904438224713,8
163,random,0.7300130072941656,0.42809603639617255,0.9505479440876712,5
164,matched,0.6874101679022543,0.33193976092803257,0.9744445079111214,8
164,random,0.6812623802333808,0.5085371921783617,0.9761760601881698,6
165,matched,0.7081548078811042,0.45948701244613055,0.9517694962831197,8
165,random,0.6539991998037172,0.3316274330788559,0.9659670825547333,7
166,matched,0.6646618828958897,0.37458073281100324,0.9752784600445537,8
166,random,0.7070771913290902,0.32993886521820515,0.9497735599637699,7
167,matched,0.7119295631752189,0.4185925413687477,0.949928599988576,7
167,random,0.6938384304637043,0.3604739646645394,0.9545536887285903,6
168,matched,0.6574713962277658,0.3815961053207325,0.978265836522534,6
168,random,0.6562202315951178,0.35014854525587535,0.982577581212413,9
169,matched,0.6840082595367748,0.3332581588153315,0.9532154485144719,5
169,random,0.6687135214250288,0.4139925509474245,0.9450986952157914,6
170,matched,0.6902988933180536,0.38883155657065716,0.9740479318476694,9
170,random,0.652404870350211,0.30758818895148554,0.986505805840929,9
171,matched,0.6626681279419108,0.3004574678674593,0.9661286505805843,6
171,random,0.7056635259914997,0.3670656179846977,0.940179030428645,4
172,matched,0.6645467631267123,0.41987118003165436,0.9608009857281578,6
172,random,0.7140865521807551,0.35736122885665533,0.9540844886535184,7
173,matched,0.7216709998805009,0.3883816428702549,0.943148454903753,6
173,random,0.678989114734659,0.3886433181927883,0.982459261193482,9
174,matched,0.7142760414945231,0.3916254903322963,0.9294698447151754,6
174,random,0.6496286583444013,0.29651653377950127,0.9781622045059529,8
175,matched,0.7228806847207534,0.41446984228261285,0.9517988722878199,7
175,random,0.6684233768981742,0.40136530073161336,0.9674187467869996,7
176,matched,0.659774654026626,0.41337909954952234,0.9625774180123869,6
176,random,0.6289146584142669,0.41747104793363254,0.9642330822772933,6
177,matched,0.7043268240448808,0.4132313447520397,0.9321920211507234,6
177,random,0.6659816036152724,0.3184063496597789,0.9585757533721208,7
178,matched,0.6861405994993761,0.42946635563607616,0.9594341855094698,7
178,random,0.6530092462717356,0.2117163998200864,0.9647871463659435,8
179,matched,0.6703372133749912,0.3786391375490885,0.9555402328864375,8
179,random,0.6900811242233911,0.3662198855189749,0.9599670335947253,7
180,matched,0.6621728092337903,0.3942843069403077,0.9759084121453461,7
180,random,0.656326040691255,0.3292062527781907,0.9694383471101358,6
181,matched,0.7261354252527803,0.48145924269922136,0.9486670637867304,5
181,random,0.6789402438390194,0.12743955356315895,0.9643897543023607,8
182,matched,0.6680654334616238,0.41911007744425044,0.9710972753755643,7
182,random,0.6715034341981689,0.4715967733568711,0.976483692237391,7
183,matched,0.7234318752499427,0.37237219094342766,0.9486181037788968,6
183,random,0.6638543868966532,0.4398291357737759,0.9613403618144579,7
184,matched,0.7124648028400482,0.39761227400412547,0.9458975593436096,6
184,random,0.7200598647167237,0.36241380962107805,0.9339782454365195,5
185,matched,0.6492650985761718,0.3370228201363459,0.9674097707855633,6
185,random,0.644916128320953,0.37680811566466743,0.9690719630515141,8
186,matched,0.654737624205971,0.349242776271774,0.9660331785653087,8
186,random,0.701090629077573,0.35915228034422086,0.9455344392855106,6
187,matched,0.7131311541855785,0.3830351110763688,0.9562158809945411,6
187,random,0.711782748402747,0.4476140063839813,0.9482623277219725,6
188,matched,0.674619208098453,0.4651234794355451,0.9720087475213998,9
188,random,0.7124854058122974,0.42654796250679705,0.91914581106333,5
189,matched,0.6751202648314352,0.33175851781862,0.959993961599034,9
189,random,0.6643272087555072,0.48843818278810647,0.968504842960775,6
190,matched,0.6736213567416509,0.35556486152416344,0.9623522019763523,7
190,random,0.6598230186188544,0.36787609646691033,0.9726974516315923,9
191,matched,0.671796175686879,0.37162638543381354,0.9704648752743803,7
191,random,0.6427488238956335,0.29241560464758454,0.969671723147476,6
192,matched,0.7362915375018202,0.4054252383186606,0.9620853699336595,7
192,random,0.6574295416261908,0.33232776558013843,0.9663073546091769,7
193,matched,0.6807370016902583,0.45981631320052807,0.9530294004847042,6
193,random,0.6475702283402167,0.3174547774636878,0.9733290357326458,6
194,matched,0.7065264976118253,0.36941248988108766,0.9469534635125544,7
194,random,0.6405824390249572,0.32586173472088786,0.9621016899362705,5
195,matched,0.6901013168164035,0.4268094777766348,0.9680144268823084,10
195,random,0.6569011661571887,0.3452527153003031,0.9627495940399353,6
196,matched,0.7126090516373635,0.38649451700526305,0.9329027572644412,6
196,random,0.6370496657733904,0.3041758868380269,0.9677084268333485,6
197,matched,0.6800041169743795,0.26560526862762734,0.9741744118679059,6
197,random,0.6327490187438369,0.21446164632335651,0.958981305437009,7
198,matched,0.6805781249574403,0.41602321863288594,0.97320418771267,8
198,random,0.7156935434192473,0.40158677308515167,0.9524516723922676,6
199,matched,0.6990492344205673,0.4003244358147364,0.9645309223249477,8
199,random,0.7082121559114707,0.24867378440778276,0.9336795893887344,6
