ppm,p_corr_unadjusted,p_corr_matched_mean,p_corr_matched_lo95,p_corr_matched_hi95,width95
9.98,0.11277099931309469,0.11365747019733927,0.03509880194189879,0.19046844669380583,0.15536964475190704
9.94,0.029276351040940146,0.06909935795279228,-0.020557141801436817,0.16256787686887905,0.18312501867031586
9.9,0.022372793073650404,0.05181836850469626,-0.059423159960554035,0.14542439951141004,0.20484755947196406
9.86,0.012986363482854,0.04276781771663595,-0.03467003083301897,0.1364713371448696,0.17114136797788856
9.82,0.042264250986414176,0.059556868392064734,-0.016687344237282332,0.1344860637424909,0.15117340797977322
9.78,-0.011315468440075731,0.0170085256340086,-0.06126222751285229,0.09746158496999573,0.158723812482848
9.74,0.06640742537722398,0.052567744883101064,-0.043350999135038204,0.14784970176368378,0.191200700898722
9.7,-0.15825117955341322,-0.13255148226127583,-0.21086927282576615,-0.04753413760839274,0.16333513521737342
9.66,-0.38670997034688775,-0.45369501723910227,-0.5430145362296644,-0.35475511850928143,0.18825941772038302
9.62,-0.07361562571385016,-0.11133207017361421,-0.2161644972096998,-0.03239834959764797,0.18376614761205182
9.58,0.04224174572989384,0.02313925721945331,-0.12045379777107211,0.09451602907760237,0.2149698268486745
9.54,-0.0016896717005807995,0.001427967611801106,-0.09012738051462124,0.08324743950583087,0.17337482002045213
9.5,-0.061530238988070925,-0.1011250259917502,-0.1904421448859664,-0.019016652997971582,0.1714254918879948
9.46,-0.07919673986119118,-0.1082642855082487,-0.19650910820556974,-0.03624821589409999,0.16026089231146975
9.42,-0.08452091148948598,-0.09782975534234821,-0.20033725785002865,-0.02103649049810719,0.17930076735192146
9.38,-0.25134414536813815,-0.2808544542746938,-0.3700468671706965,-0.20691682466125974,0.16313004250943677
9.34,0.1108895088104602,0.12212490029942817,0.0472748457905874,0.16843208281227584,0.12115723702168844
9.3,0.007696869084715821,-0.002410119974827121,-0.07569542664194098,0.057404791412113056,0.13310021805405403
9.26,-0.1663002352633884,-0.12640191203359147,-0.24183450223671576,0.0022206616962603927,0.24405516393297616
9.22,-0.042198900402283225,-0.07091890040150378,-0.1290241011826515,-0.01137994906128308,0.11764415212136843
9.18,0.06785218959327924,0.07291481780726226,-0.017619839975981346,0.16547289444041688,0.18309273441639823
9.14,-0.039726397679429405,-0.0033215259208132434,-0.08398903373635393,0.06405357923788499,0.14804261297423893
9.1,0.21421066490398316,0.2609378461130367,0.19559704727241745,0.34804119707845543,0.152444149806038
9.06,-0.10337723965881941,-0.08572625808070304,-0.18536466589196884,0.002902781877090498,0.18826744776905935
9.02,0.04295863666193151,0.04345796942915356,-0.03755319963500107,0.1070715598013674,0.14462475943636846
8.98,0.06147600770516134,0.06363138063297771,0.0019470377647168547,0.11225347979362599,0.11030644202890913
8.94,-0.0176829462381127,-0.020032307333785925,-0.10764385487151941,0.05143740002475493,0.15908125489627434
8.9,0.00695225083244672,0.011810175864369667,-0.05835495459505944,0.09083672559928685,0.14919168019434628
8.86,-0.2145580534443169,-0.21861199736390943,-0.2872384707199409,-0.15104892896083033,0.13618954175911058
8.82,0.0720486652933698,0.11399928122795401,0.03719436312627027,0.18805884808763168,0.1508644849613614
8.78,-0.05408113339887839,-0.04996290847661742,-0.11111634789551635,0.01107821135608431,0.12219455925160065
8.74,-0.17223877582447053,-0.20674281337123993,-0.27999959487968606,-0.13428911439903315,0.1457104804806529
8.7,0.0032913648142174554,0.012675711737256755,-0.09595067283917427,0.11123376052782775,0.20718443336700204
8.66,-0.05395852009570108,-0.035217810539473635,-0.1298963232204953,0.029848074967505304,0.1597443981880006
8.62,0.13908449685916527,0.18498477653894624,0.11921208375172578,0.2516167137523905,0.1324046300006647
8.58,-0.09738481305189288,-0.12296349493562868,-0.22158605694709954,-0.037923371076655846,0.1836626858704437
8.54,-0.05034998229139,-0.026643224523474805,-0.09936179718282101,0.0592175925118924,0.1585793896947134
8.5,0.1395164336793425,0.15883641551964803,0.06758004108123397,0.22315730524282437,0.1555772641615904
8.46,-0.0273720133420868,-0.03607418965984514,-0.16458485857066535,0.07176019235355424,0.2363450509242196
8.42,0.23375963933324667,0.27112699816899977,0.21094387881980345,0.32530079281158203,0.11435691399177858
8.38,0.13364308520490245,0.1254027926694098,0.03588046941201359,0.22336184017735627,0.1874813707653427
8.34,-0.3653791093693359,-0.3877055824750193,-0.5247580112279631,-0.3109369090957888,0.21382110213217426
8.3,-0.631469090366044,-0.6390649387938988,-0.6976453813424282,-0.5782146331649782,0.11943074817744992
8.26,-0.03936592174289845,-0.06286803122438653,-0.23237214059229497,0.041350191342317495,0.2737223319346125
8.22,-0.5737850693401292,-0.5667599430420044,-0.6510317277120368,-0.48199679552104613,0.16903493219099064
8.18,-0.4763954015849733,-0.45082053322136967,-0.5953558310556133,-0.34276935190254026,0.25258647915307303
8.14,-0.47574792339564526,-0.4692161124457758,-0.5594338809520171,-0.3643660759433228,0.19506780500869425
8.1,-0.019173798900725847,0.031041507822954832,-0.08448869865193906,0.1292968795327978,0.21378557818473687
8.06,-0.19155426173562423,-0.196755407058929,-0.34090039475916317,-0.07482668965674587,0.2660737051024173
8.02,-0.4928059195886413,-0.5088411379762399,-0.6220373672611662,-0.4013099751485427,0.2207273921126235
7.98,0.027188674210657775,0.06968544292004844,0.007873044775779096,0.133481009265185,0.1256079644894059
7.94,-0.0458101384926064,-0.05476972083169043,-0.22494776436602462,0.0395634880267084,0.26451125239273304
7.9,-0.404318197986599,-0.3565611349895837,-0.48872078298307886,-0.2261191190178962,0.2626016639651827
7.86,-0.06726330888024813,-0.062365078094144585,-0.13540764612078815,0.019585497854820808,0.15499314397560895
7.82,0.10734993973157089,0.07287641754774295,-0.041425203354502095,0.16028075248621088,0.20170595584071296
7.78,-0.017407203941891124,0.01248333658061315,-0.07598741760981735,0.08527426243400683,0.16126168004382418
7.74,-0.39325978253673816,-0.4059493340002856,-0.5695078788416735,-0.27088896885526903,0.2986189099864045
7.7,-0.4490807684100478,-0.41810472389485454,-0.536442358756595,-0.2938250658498231,0.24261729290677186
7.66,0.02883984795206602,0.09885070276786365,0.01904356937557651,0.1716262515421901,0.15258268216661358
7.62,-0.12240820331915912,-0.12821317781505143,-0.25277693781611077,-0.02382853913682404,0.22894839867928674
7.58,0.07337771179550326,0.11746528497901312,0.048956645828399876,0.18961633043494458,0.1406596846065447
7.54,-0.3746784046287753,-0.38244992007985457,-0.5404572805538589,-0.26152007744232353,0.27893720311153536
7.5,-0.1471455341103155,-0.16546254180968842,-0.3100864347186813,-0.06202510616734196,0.24806132855133933
7.46,-0.11222702589271355,-0.10884096454803757,-0.23022263960602204,-0.003192547597352707,0.22703009200866933
7.42,-0.46643076873573536,-0.4505512061120325,-0.5855006950512556,-0.3300929049798487,0.25540779007140685
7.38,-0.47030378146317975,-0.44911817396874015,-0.5914163048191172,-0.3298701822937822,0.26154612252533505
7.34,-0.45178812843890714,-0.42999919032013634,-0.5826155329344239,-0.30785676845753424,0.2747587644768897
7.3,-0.4485684127097479,-0.43847130809364815,-0.5879568008889743,-0.3133469225908207,0.2746098782981536
7.26,-0.40410701808140675,-0.3954325831154057,-0.5279834364509786,-0.2784016606188891,0.24958177583208946
7.22,-0.0070559500819513754,-0.01245085365914386,-0.10860399175501992,0.05284195070253026,0.16144594245755017
7.18,-0.4562143587873988,-0.4553360221060309,-0.5753419711737802,-0.33043643943955053,0.24490553173422963
7.14,-0.07762397218888184,-0.09082431193422562,-0.18645100188062472,-0.01251865271897401,0.1739323491616507
7.1,-0.4720183399901221,-0.44175709562315274,-0.5799495427338706,-0.31772341573893104,0.2622261269949395
7.06,0.14625217273982422,0.15336905346938504,0.0724121349185687,0.22316002774623642,0.1507478928276677
7.02,0.03375085035294173,0.07567584003238217,-0.014889328456915363,0.15148203658048737,0.16637136503740274
6.98,0.05254975813740181,0.04224623340981748,-0.01704828957142224,0.09840558975703163,0.11545387932845387
6.94,-0.025695934290030063,-0.058941988400564596,-0.1524227959536775,0.05085459880330107,0.20327739475697856
6.9,-0.4839944633978277,-0.474643447848311,-0.5868392811017288,-0.36410563760244585,0.22273364349928293
6.86,-0.06714128478006132,-0.08889913236205406,-0.2353642196043174,0.0209446508748098,0.2563088704791272
6.82,-0.0356705315852088,-0.056081791306742,-0.19595971147766406,0.029516195875501736,0.2254759073531658
6.78,-0.362111276587865,-0.3330143271575926,-0.3982960662467751,-0.25741827953856383,0.14087778670821127
6.74,-0.16637954423302923,-0.19708235149432377,-0.29473428975578747,-0.08730178457712158,0.2074325051786659
6.7,0.16645223183864324,0.21836354036126163,0.14407515403902232,0.29374663445974936,0.14967148042072703
6.66,0.01132212707069908,0.004395212637528835,-0.06496329865439816,0.07713645694558753,0.1420997555999857
6.62,0.006182097817945474,-0.01608611140585678,-0.10131322508740767,0.0545599533725286,0.15587317845993626
6.58,0.05205332665596113,0.05068760541863168,-0.08298286213461081,0.12334865299129127,0.2063315151259021
6.54,-0.04377168610025301,-0.027159920878888605,-0.11792967462076703,0.052013250250697515,0.16994292487146456
6.5,0.04957029001820754,0.07956255499144765,-0.03845451326575977,0.13683601355426733,0.1752905268200271
6.46,-0.12812188047110612,-0.17657941481106154,-0.2544490324559647,-0.09202014502287498,0.1624288874330897
6.42,0.06530911043781656,0.08566792044898464,0.006130383423167489,0.18295874793023284,0.17682836450706535
6.38,-0.02599275463576088,-0.02320998894034054,-0.09674157762146295,0.05005146673492058,0.14679304435638352
6.34,0.07114817525679515,0.11505638041155429,0.033715488585083914,0.18803391288819596,0.15431842430311205
6.3,-0.07967228710945676,-0.09541850332298506,-0.1822608462121459,-0.025160869045279973,0.1570999771668659
6.26,0.07553042658431428,0.09815285206906069,0.027980696957188553,0.1666179986719905,0.13863730171480196
6.22,-0.05482642476313843,-0.07069643261228238,-0.17776023461099716,0.027667874273205443,0.2054281088842026
6.18,-0.016317421952325356,-0.04576653559837017,-0.12346173050281571,0.034785083339154046,0.15824681384196976
6.14,0.013479734491457306,6.821168090228303e-05,-0.07400496580568774,0.06260453238979277,0.13660949819548052
6.1,-0.015357721893639365,0.004013839128899237,-0.06526559116983664,0.07061032977277756,0.1358759209426142
6.06,0.06131245307050508,0.11951822555879354,0.04890509514389622,0.18911316878752812,0.14020807364363191
6.02,-0.1466489120265066,-0.1708579061140902,-0.24487821406250693,-0.09697931122826628,0.14789890283424065
5.98,-0.022725040643505213,-0.002686351262559518,-0.11211492869937413,0.08841773175671212,0.20053266045608625
5.94,0.056473439596898954,0.09101579563042335,0.03141654356770797,0.14713490333179988,0.11571835976409191
5.9,-0.0891371626803327,-0.10153539499109687,-0.19419594537014576,-0.02897532139308483,0.16522062397706092
5.86,-0.00019961214432444917,-0.003500479059757666,-0.08580481275379985,0.10043262103442198,0.18623743378822183
5.82,0.1547810204543905,0.2104130982017619,0.11055339084293424,0.34813517050678294,0.2375817796638487
5.78,0.10745260983364295,0.1608831375230715,0.08164817202508068,0.24479495750616634,0.16314678548108566
5.74,0.05909907683891368,0.10054794892189876,0.021702625263452197,0.17441287930386806,0.15271025404041585
5.7,0.011001035580017889,0.03150243106141192,-0.10350247503278977,0.08083314555081617,0.18433562058360592
5.66,0.08218115511345758,0.14464193159272076,0.09153336563526727,0.20623223304734553,0.11469886741207826
5.62,0.009007998567766715,-0.01722476599126995,-0.12884167191414791,0.05714171750956288,0.1859833894237108
5.58,-0.06919830039256988,-0.08718741839035525,-0.18037119873829638,-0.009723206333758904,0.17064799240453749
5.54,0.07474348943194929,0.1620524594017142,0.07900886124746791,0.2292160840392839,0.15020722279181598
5.5,0.11888639346081867,0.14796434388809276,0.07648666015584192,0.22360880165995,0.14712214150410807
5.46,0.3558931235669847,0.3895583603765106,0.30751943677453775,0.4674529968622766,0.15993356008773885
5.42,-0.6198999085140195,-0.6111988909364843,-0.6607024001499187,-0.5663936777462004,0.09430872240371824
5.38,-0.44160386909810345,-0.4400854467183846,-0.5213156018489034,-0.37207013121414356,0.1492454706347598
5.34,0.006353909519937164,0.05790716374963679,-0.0038472034499078623,0.15371925963947874,0.1575664630893866
5.3,0.3409057446812647,0.39349314830724147,0.3235371537346818,0.4801830143325923,0.15664586059791052
5.26,0.06819125127308048,0.056361362566452085,-0.04349842938375001,0.14741812206623317,0.19091655144998318
5.22,0.06510806608823473,0.09893451677025618,0.013538849739097194,0.189135832038714,0.17559698229961682
5.18,0.17410498586550477,0.19802395701198341,0.13426630198107548,0.27268626942713037,0.1384199674460549
5.14,0.1102205407649421,0.15283698478583524,0.09422089218492491,0.2114559099083237,0.11723501772339878
5.1,-0.4495013395483839,-0.4554514177347729,-0.5186053798461439,-0.38854963825060324,0.13005574159554062
5.06,-0.18653207336410452,-0.20751213559656811,-0.4093394370574438,-0.07563000748609551,0.3337094295713483
5.02,-0.3947471378223524,-0.4227314550730402,-0.5091618916461091,-0.3544662078755916,0.15469568377051757
4.98,0.03950777399304757,-0.08498625256415476,-0.25635572522171957,0.052010685148335394,0.30836641037005497
4.94,0.06710208773303264,0.06725436767041497,-0.009205133291215648,0.11541232843157102,0.12461746172278668
4.9,0.06364974310808008,0.028683529723335405,-0.0969131768276619,0.08967022834126828,0.18658340516893018
4.66,-0.053502317656516814,-0.056629769879742026,-0.14114306361231058,0.038548879403907436,0.17969194301621802
4.62,0.4284060746226504,0.4584937588063655,0.39963519593765623,0.5220318166848669,0.12239662074721064
4.58,-0.0011024007201751115,0.0037000602031071446,-0.06267613542437392,0.07340105815673759,0.1360771935811115
4.54,0.3224136277772619,0.3464878080716677,0.2634741209800181,0.42729791777276854,0.16382379679275044
4.5,0.11269282787075675,0.1261665828270709,0.01967010968476731,0.2234333630752507,0.20376325339048337
4.46,-0.1484996470636866,-0.13542392848846976,-0.21139496945248867,-0.055219076014804094,0.15617589343768457
4.42,-0.42777397466213757,-0.4806137372596914,-0.5697923798839184,-0.3975190608943753,0.17227331898954312
4.38,-0.13436458342196098,-0.20883004928555238,-0.3242656649182917,-0.08786921273194248,0.2363964521863492
4.34,0.29069375284114274,0.35407579819318274,0.29943905513712116,0.40151659006812634,0.10207753493100519
4.3,0.45745644541115854,0.4993746309146945,0.43232275490964067,0.554953218080478,0.12263046317083737
4.26,0.4277787778045933,0.46489632432674094,0.3993619617068116,0.5264739794872683,0.12711201778045667
4.22,0.3698441932895132,0.4311120121138925,0.36115994067423296,0.5157122242162395,0.15455228354200656
4.18,0.030014277403509353,0.058411201373934844,0.0034902609726470656,0.12723160439791525,0.12374134342526819
4.14,-0.14870419273133992,-0.1784054263682412,-0.28773699273216796,-0.08856314059509697,0.199173852137071
4.1,-0.3229287300536212,-0.4064774369660105,-0.5294680095000075,-0.2867275153779716,0.2427404941220359
4.06,-0.5853367196917268,-0.6177052909012685,-0.7048204402741498,-0.5506573749202192,0.15416306535393065
4.02,0.02387665905456283,0.017200699729919885,-0.07436374770895905,0.10689490032463428,0.18125864803359332
3.98,-0.27250811847560036,-0.3003022506502576,-0.42481203630521525,-0.20791124274216152,0.21690079356305372
3.94,-0.3615025324332354,-0.40189853471096837,-0.49058888106071985,-0.3286066588508486,0.16198222220987124
3.9,-0.22783890075120453,-0.2284568698915254,-0.3221406949350726,-0.13712845490984138,0.1850122400252312
3.86,-0.225764694656737,-0.21179326264331658,-0.3002736498703395,-0.11788793811888171,0.1823857117514578
3.82,0.11524112678034998,0.1633928857406316,0.0692540803127298,0.2554483371840944,0.1861942568713646
3.78,-0.041128391584787226,-0.023630390680467815,-0.10940555333306143,0.06514419648935493,0.17454974982241636
3.74,-0.10553740089291617,-0.1158436016755709,-0.21201584792817466,-0.023938437433145617,0.18807741049502905
3.7,-0.1523831635603668,-0.1746417946298036,-0.2711804374676003,-0.07635406792946021,0.1948263695381401
3.66,-0.02624124452898328,-0.008090822215562163,-0.0816798493428671,0.07121574058286276,0.15289558992572985
3.62,-0.3328664865421225,-0.33952903689411046,-0.40852056830650496,-0.25636573786940076,0.1521548304371042
3.58,-0.23919274751405664,-0.23992713040115649,-0.32742999501982417,-0.1473690185945403,0.18006097642528388
3.54,-0.45017937941211184,-0.48692060607306764,-0.6033007675001891,-0.3982270912397704,0.20507367626041872
3.5,-0.22055007921924763,-0.2591244551809723,-0.43238343699548976,-0.15185908464631084,0.28052435234917894
3.46,-0.2662511117348561,-0.2941621790926814,-0.4790117400294773,-0.19091941087445818,0.2880923291550191
3.42,0.0025900125313506194,0.01791344030311343,-0.10174015635961668,0.0938944973955339,0.1956346537551506
3.38,-0.18889510065054485,-0.18587303687769757,-0.34277092361293376,-0.0742754472039189,0.26849547640901483
3.34,-0.1277581882000415,-0.10763334932862882,-0.2208414601420398,0.009745096535461448,0.23058655667750128
3.3,0.132739527362763,0.16240444990965333,0.07032194833692541,0.2744212296272514,0.204099281290326
3.26,-0.13793501164404084,-0.1133384363922646,-0.20095404809320006,-0.01198675171563781,0.18896729637756224
3.22,-0.21114421300269556,-0.21442654242632753,-0.3493927644970811,-0.12079289206117448,0.22859987243590663
3.18,-0.38403289698177484,-0.37272629683679626,-0.4763695248422073,-0.24910985445542175,0.22725967038678554
3.14,-0.1148802969934178,-0.14197946096299868,-0.22965500660350402,-0.05937229551199806,0.17028271109150594
3.1,0.10445697475414666,0.1281115359295175,0.005661360559479841,0.23206673362225952,0.2264053730627797
3.06,-0.03802844938291369,0.035296042732952844,-0.02983990971000787,0.11127223515682733,0.1411121448668352
3.02,-0.2867543543448847,-0.25409045947971876,-0.3979044089840624,-0.1608306906476521,0.23707371833641028
2.98,-0.22858519056279725,-0.19424593734587392,-0.3099572620227747,-0.1218388141153761,0.18811844790739857
2.94,-0.15110534645010798,-0.16888424183293954,-0.26862027129396043,-0.09008171281082747,0.17853855848313296
2.9,-0.0004433305550819658,-0.02474608792905504,-0.13011558332153536,0.05042637155825185,0.18054195487978722
2.86,-0.08547072359099207,-0.052242740051870046,-0.11091584696366523,-0.003937185500118968,0.10697866146354626
2.82,-0.22050353903779474,-0.1967805149176379,-0.3178333775210098,-0.09540607807883499,0.22242729944217482
2.78,-0.2534235557171059,-0.22911185371659826,-0.32198702485617253,-0.17496624149469858,0.14702078336147395
2.74,-0.31528068481812643,-0.3169714857813354,-0.3843721313904907,-0.2419762532124626,0.1423958781780281
2.7,-0.17313669548057356,-0.2257698380573804,-0.3304829722201884,-0.10766266090135213,0.22282031131883628
2.66,-0.31570647143866326,-0.3796234938896674,-0.4828891677193699,-0.3002473464921176,0.1826418212272523
2.62,-0.30667963425283107,-0.36310164765110514,-0.46214424503498225,-0.2744392518816762,0.18770499315330602
2.58,-0.0601145245520901,-0.08356282955344466,-0.2030626847831598,0.014658833067318997,0.2177215178504788
2.54,-0.14605674613236347,-0.20431700647003478,-0.31233656185305114,-0.11552973923943373,0.19680682261361743
2.5,0.02303145420043283,0.0795814212672486,-0.020045087351047982,0.16540585234230348,0.18545093969335147
2.46,-0.13163380095621707,-0.16090742223721335,-0.2612636069489368,-0.07481783197119869,0.18644577497773812
2.42,-0.1440450438893466,-0.14632059385584797,-0.2156450289945727,-0.09103306228176992,0.12461196671280277
2.38,-0.02179527179025846,0.007277846554669406,-0.08959546286098112,0.07915507540857063,0.16875053826955175
2.34,-0.2973297995168332,-0.30142054541868013,-0.3984396599110129,-0.20696353661143832,0.19147612329957456
2.3,-0.11700403318696195,-0.0633950792109205,-0.14837193163925805,0.004909343008028737,0.15328127464728677
2.26,-0.17006862704459003,-0.13148526419817672,-0.20693782600193586,-0.06322573979415594,0.14371208620777992
2.22,-0.11377630494114918,-0.11463261413795404,-0.19706955005942334,-0.043083612172563755,0.15398593788685958
2.18,-0.08250331419837377,-0.08860501743604703,-0.2904133854738538,0.01826678334767902,0.3086801688215328
2.14,-0.36118410363006376,-0.37607425034411834,-0.4838055314171504,-0.2731734009798185,0.21063213043733187
2.1,-0.19805400511868582,-0.15863695118181395,-0.25936270440084697,-0.039412599302066594,0.21995010509878038
2.06,0.009299272147855944,0.05322972423451132,-0.013393765992549947,0.1248067302985402,0.13820049629109016
2.02,-0.5071000603627929,-0.5122373565125244,-0.5745773207499207,-0.4399231295461994,0.13465419120372135
1.98,-0.2645730093907898,-0.2397679953574819,-0.31522699530602516,-0.16954545724679537,0.1456815380592298
1.94,-0.23299502552196438,-0.23464371471439593,-0.3926169269510933,-0.10318586128137756,0.2894310656697157
1.9,-0.33884222797016084,-0.37697138262880886,-0.5054418217165528,-0.2514516636920769,0.25399015802447594
1.86,-0.07569558298110454,-0.05748722911997189,-0.17485625269837599,0.05814382436418871,0.2330000770625647
1.82,-0.1250802739741272,-0.09744755516319552,-0.25317097806883376,0.005879241867400748,0.2590502199362345
1.78,-0.08997353912170797,-0.10803609065717013,-0.231134362386939,0.01865315568509511,0.2497875180720341
1.74,-0.23839575548426373,-0.22799674482785937,-0.35917721045739465,-0.08444373936257124,0.2747334710948234
1.7,-0.45761436641682435,-0.4423686489697925,-0.5303245553866545,-0.35327963456849654,0.17704492081815792
1.66,-0.24747704982341268,-0.2136510436018915,-0.3277361012140923,-0.10104499817467348,0.2266911030394188
1.62,-0.00856399276196879,0.04938556676241926,-0.08445363211877156,0.14297074268660165,0.2274243748053732
1.58,0.04062741840318133,0.10207868267857734,0.009932558763059015,0.21056027796556487,0.20062771920250586
1.54,0.05608715083181482,0.086629718880649,-0.026489347294883257,0.1693036012099882,0.19579294850487144
1.5,0.029501680605494122,0.03935965180723836,-0.0798784768498436,0.13855901989170072,0.21843749674154433
1.46,-0.33484880730077693,-0.3212123241563052,-0.4678610089187584,-0.2042654616644216,0.2635955472543368
1.42,0.017994541411218954,0.07180883542840642,-0.019750441668030954,0.19766528331742614,0.21741572498545708
1.38,-0.02922283800738352,-0.02637184886885166,-0.12634344022535468,0.021935416241355747,0.14827885646671043
1.34,-0.11900625874531462,-0.1295702558122307,-0.20086731126902121,-0.07097057333860995,0.12989673793041126
1.3,-0.0805790687018307,-0.07864266467445807,-0.1393621711812864,-0.015877507362361182,0.12348466381892523
1.26,0.1419949898799854,0.2035521848458738,0.12260771857481975,0.35703753152906886,0.2344298129542491
1.22,0.4087912285561865,0.4725575608143533,0.42557920564188834,0.5141518841476748,0.08857267850578643
1.18,-0.5986361139600264,-0.5967825376241234,-0.6588287009868475,-0.5328319116983864,0.12599678928846114
1.14,-0.34112255419513793,-0.4532440352437954,-0.5408413653688902,-0.2922294862437849,0.24861187912510524
1.1,-0.09251827595962604,-0.07284180257579789,-0.17037413465104773,0.014411270224670055,0.1847854048757178
1.06,-0.061140361404847694,-0.07159808668236525,-0.28001758722192277,0.036242007374800954,0.3162595945967237
1.02,-0.37088103308495696,-0.35370950295822984,-0.4885076136238631,-0.22417729699503988,0.2643303166288232
0.98,-0.3657376174009392,-0.32590895045652885,-0.4356250939581049,-0.21278603265069843,0.22283906130740647
0.94,-0.43283823634410795,-0.39830860836647114,-0.4996209225487476,-0.2768567378954975,0.22276418465325015
0.9,-0.013838912310183391,0.03297901324942536,-0.03633729741594064,0.12987012698025074,0.16620742439619138
0.86,-0.0682364803804924,-0.0569911171507605,-0.10901197325370403,-0.0025517616190193766,0.10646021163468465
0.82,-0.14158734815409943,-0.17910109205676392,-0.2793741737722384,-0.1037608630030591,0.1756133107691793
0.78,0.04903108011161938,0.10535169464153331,0.04606226065621748,0.21935601353653983,0.17329375288032234
0.74,0.07462235767934808,0.14341757069786942,0.08588790518104393,0.19759299282404166,0.11170508764299773
0.7,0.12087651933477235,0.1963878639829147,0.11521951205450597,0.2657218810795455,0.1505023690250395
0.66,-0.07338910962376517,-0.014387224479657845,-0.11974565446363994,0.09754949267729382,0.21729514714093376
0.62,0.1441495465787145,0.21315316899086717,0.14720673135955464,0.2766471361032672,0.12944040474371254
0.58,0.09237044750658828,0.16576645549910282,0.09702751628958226,0.2314908331246012,0.13446331683501894
0.54,0.12131478993543061,0.19769490741703621,0.12148069799504818,0.26458927702652185,0.14310857903147367
0.5,-0.07265811759658101,-0.039862459986438135,-0.12619232925264778,0.04232452360033978,0.16851685285298756
0.46,0.1077444840633342,0.08039896041466792,0.018058105159207485,0.16160740287745792,0.14354929771825042
0.42,0.07969407565594948,0.09228363562610092,0.023813585825082143,0.16993189750889676,0.14611831168381462
0.38,0.10160716573266373,0.08509882667469712,0.021141829008321435,0.15908020211183974,0.1379383731035183
0.34,0.08573585221472907,0.07902923192991748,-0.014311878688490442,0.17424887266366187,0.1885607513521523
0.3,-0.06172631205131349,-0.08552412223837128,-0.1732924601944776,-0.013078110435241633,0.16021434975923599
0.26,-0.019046024291546806,-2.9775143588915733e-05,-0.06433134132296678,0.06355928045746395,0.12789062178043073
0.22,0.1585546152788682,0.19115231447658423,0.11406574412678128,0.2788617691648986,0.1647960250381173
0.18,-0.21048613819419748,-0.2574532605554797,-0.3516410573341868,-0.18030236357075552,0.1713386937634313
0.14,-0.22900958811013025,-0.25448763419569576,-0.31648553522455664,-0.18802758405958508,0.12845795116497155
0.1,0.20974188694707163,0.24705079038105165,0.17772980404186717,0.30757142313845226,0.1298416190965851
0.06,-0.21642452857966996,-0.24943078207967911,-0.30973484293176373,-0.18399554065951843,0.1257393022722453
0.02,-0.10599909487532841,-0.1309625699783753,-0.20915668619607813,-0.04375185058776175,0.16540483560831637
